[
  {
    "id": 1,
    "priority": 1,
    "action": {
      "type": "redirect",
      "redirect": {
        "regexSubstitution": "https://dic.tienganh123.com\\1"
      }
    },
    "condition": {
      "regexFilter": "^http://dic\\.tienganh123\\.com(.*)",
      "resourceTypes": ["sub_frame", "xmlhttprequest", "script", "stylesheet", "image"]
    }
  },
  {
    "id": 2,
    "priority": 2,
    "action": {
      "type": "block"
    },
    "condition": {
      "urlFilter": "*quanglv009.jpg*",
      "resourceTypes": ["image"]
    }
  },
  {
    "id": 3,
    "priority": 2,
    "action": {
      "type": "block"
    },
    "condition": {
      "urlFilter": "*close.gif*",
      "resourceTypes": ["image"]
    }
  },
  {
    "id": 4,
    "priority": 2,
    "action": {
      "type": "block"
    },
    "condition": {
      "urlFilter": "*small_logo.png*",
      "resourceTypes": ["image"]
    }
  }
]